{"cameraMode":{"drawMode":0,"name":"Shaded","section":"Shading Mode"},"sceneLighting":false,"audioPlay":false,"sceneViewState":{"showFog":true,"showMaterialUpdate":false,"showSkybox":false,"showFlares":true,"showImageEffects":true,"showParticleSystems":true,"showVisualEffectGraphs":true,"m_FxEnabled":true},"in2DMode":false,"pivot":{"x":-10.997021675109864,"y":-19.586999893188478,"z":1.3286805152893067},"rotation":{"x":0.041204653680324557,"y":0.8780570030212402,"z":-0.07685171067714691,"w":0.4705851972103119},"size":1.9899746179580689,"orthographic":false}